probe,pvalue,Primary.solid.Tumor_Minus_Solid.Tissue.Normal,adjust.p
cg25340711,3.898829340736982e-5,-0.3193080953822465,5.531812529708401e-5
cg24852892,5.4186249429576675e-24,-0.4664679913954474,4.941200150686262e-23
cg06358191,2.617048065826191e-9,-0.3832813298277108,6.361613958283551e-9
cg06646682,8.147635834256392e-18,-0.4730666328473097,4.1276461418590186e-17
cg13798621,1.4877191999503783e-5,-0.322046394116018,2.2712961903314825e-5
cg15844005,2.1049918716271655e-30,-0.3818866287329394,4.0817486062471587e-29
cg06205922,2.3028658972781394e-22,-0.3646617268091259,1.7820801691322116e-21
cg12270813,4.554478474886721e-22,-0.4333805687458846,3.384759994332114e-21
cg16305094,9.477460863171358e-26,-0.38738536799549506,1.0803024646060866e-24
cg26908276,4.3929867582501913e-23,-0.4382524285213245,3.6507234784079173e-22
cg16277776,3.9435666575761324e-26,-0.3948792800407884,4.75199782237924e-25
cg24706992,3.5548415533220675e-12,-0.36855267298685107,1.1209378879353885e-11
cg22962923,1.8777083677038173e-22,-0.33986830976118715,1.466525007553861e-21
cg16926213,1.2772955282572602e-15,-0.31464014292029596,5.204825014903376e-15
cg19630039,7.9735608938176e-27,-0.3708023800300207,1.0190452445356283e-25
cg06082439,2.8457879501600785e-25,-0.39072068286937756,3.0385090328607923e-24
cg24315049,2.0184595256151645e-20,-0.37889356425226806,1.2753337901546e-19
cg14839558,8.520638493809147e-11,-0.5304731647612648,2.415851620009417e-10
cg10331922,1.7987589978454957e-18,-0.3586826770677305,9.572575486956943e-18
cg13788313,4.050216025068711e-7,-0.30025339536437484,7.703172981162249e-7
cg00889627,7.242015124501615e-25,-0.4620107595648073,7.359806936767604e-24
cg04781796,1.2333564204761203e-49,-0.6967509349790233,1.0403361406716075e-46
cg14522944,1.1991173941485598e-11,-0.4092726776595565,3.60590203908845e-11
cg03324138,3.373461532013935e-33,-0.352232640060191,9.179080007270175e-32
cg00093522,1.1433384781111902e-23,-0.3596944185525174,9.993844624733565e-23
cg16600733,1.3217721987377132e-7,-0.3901212919255821,2.670454729665296e-7
cg01520454,6.661652320874988e-6,-0.33025643125537285,1.0692871042165657e-5
cg03722487,1.9932716906734044e-24,-0.3587647166574419,1.9664616036058673e-23
cg27573975,2.2665889334520472e-12,-0.3625991289702107,7.241923353662128e-12
cg04835685,4.0967913618375594e-20,-0.31105325505448367,2.4771638091110977e-19
cg20848441,2.507802024300302e-5,-0.3122374167851083,3.6555382917633736e-5
cg24412662,3.2945184539299345e-50,-0.6735350846264623,5.557852631779799e-47
cg00050294,4.440329090004865e-9,-0.5000919500512746,1.0565352855907204e-8
cg13300670,1.5672992763640245e-5,-0.30745968243377053,2.3798684781513135e-5
cg10636760,3.7162857374077023e-10,-0.5861894992434775,9.873029982687863e-10
cg06201717,4.398190904715674e-11,-0.49763823285566827,1.2814763482306292e-10
cg25008795,1.542833378312063e-27,-0.3745969564919499,2.1160649668393905e-26
cg10572807,2.10898928833856e-16,-0.3763608260702416,9.24120760890169e-16
cg11837181,2.3435371783215286e-11,-0.33135792429586153,6.948237644689663e-11
cg24678113,7.45517795120765e-41,-0.4526389343288377,8.842584018409999e-39
cg22226775,1.283944372394835e-7,-0.3773708370821067,2.600257090312229e-7
cg12599275,5.034515789480311e-41,-0.44855962687862294,6.533252412964065e-39
cg10520026,1.2896034282309554e-13,-0.47551260188959404,4.54188096748564e-13
cg21604357,1.75469043790911e-37,-0.5508124579086129,9.548912157266673e-36
cg12905252,2.2316571515118046e-11,-0.5474673732364215,6.628178898944392e-11
cg27444751,3.975794817117637e-26,-0.4286302851172127,4.756855217359897e-25
cg26407161,9.516418875189451e-10,-0.33769792790113057,2.417801000368163e-9
cg22615510,4.311477577455967e-16,-0.41799994075290214,1.8413829552324598e-15
cg10097755,2.7989599111580588e-33,-0.396317582811476,8.00312774597228e-32
cg05223638,1.3071405061786659e-17,-0.5112083650187316,6.428997183450173e-17
cg07168837,4.677789397562472e-13,-0.45890114678434646,1.5814490408192166e-12
cg17455155,7.943551990664264e-8,-0.5162454215744089,1.656461336001312e-7
cg19866637,2.728390625880879e-23,-0.5391921980885248,2.3129623044527853e-22
cg05343184,1.043360164049063e-21,-0.6374428751865577,7.395582339288946e-21
cg03226435,2.781406490777224e-7,-0.35676996957253765,5.430824942061548e-7
cg19243842,5.392898026584767e-11,-0.33405568562485166,1.5605178337647517e-10
cg14516243,7.89673993581057e-6,-0.31106351505654695,1.2555890925270906e-5
cg24045378,2.6202275770334885e-7,-0.312519261938494,5.127985988927489e-7
cg07622451,4.3054653349576756e-24,-0.45850116440662136,4.012883988990939e-23
cg18145414,1.1356404864567067e-17,-0.3280001332552249,5.65140265679193e-17
cg05755889,3.135046314254233e-25,-0.4613966971181447,3.305514457591807e-24
cg20699701,4.585934692148626e-16,-0.35975443146095343,1.9438371421243048e-15
cg13393782,3.052854810712211e-6,-0.383721727926701,5.165663054836008e-6
cg15391425,1.0058395535296527e-19,-0.5667638197024962,5.871457878216346e-19
cg02892384,1.9700333952067077e-33,-0.40829040256073024,5.740029391280616e-32
cg14380230,2.2526751217793855e-7,-0.3069189321840168,4.418910384234678e-7
cg26153353,2.352269707102821e-15,-0.42873797209273623,9.493490420771434e-15
cg16555926,8.274997889131661e-32,-0.44267566721949864,1.8129768102552094e-30
cg22729726,1.6248667614425156e-9,-0.3406684947668553,4.037040098016971e-9
cg26044566,5.577497093911004e-17,-0.47761082159915913,2.5638249584272106e-16
cg19706803,2.748903543108562e-22,-0.5301135464356774,2.1175343731617097e-21
cg26913155,9.030298498190672e-20,-0.44902256703369325,5.345303005771111e-19
cg02769687,6.605793285875806e-15,-0.39174558608637855,2.5916216914587172e-14
cg22031783,2.2664647547238372e-36,-0.6316514873736829,1.0333854165457063e-34
cg09119863,1.464054783693461e-14,-0.4208020338558408,5.58834109331682e-14
cg16386396,4.923021156627353e-5,-0.40227770049133177,6.880809189088936e-5
cg17489690,3.134869692775656e-23,-0.46984326757932526,2.6311070506032496e-22
cg15727188,5.367323689674245e-13,-0.4997954477408046,1.803720132366624e-12
cg23265656,1.827602253488791e-12,-0.4296878292265219,5.861530421360439e-12
cg20429350,5.079786145946197e-12,-0.5248525984805168,1.5695236681705558e-11
cg25150520,1.7345577230796905e-6,-0.4181572829884952,3.0417867763362138e-6
cg24499605,1.1775242339951657e-5,-0.33556206689801,1.830860260598935e-5
cg23631759,8.664328184484267e-5,-0.4399335154882979,1.1740338672469846e-4
cg24851370,5.676246719372198e-8,-0.41553150004204387,1.2060237047331105e-7
cg19904265,2.4082347188633777e-6,-0.3125405045580434,4.124560376368039e-6
cg09891226,3.6396556809469146e-31,-0.6032896795754792,7.580369300935117e-30
cg00329272,6.864176368410393e-39,-0.43553317952882675,5.514221682623016e-37
cg02067098,8.031154322901064e-19,-0.40918574823936676,4.356449306345368e-18
cg17421241,1.7968795940442607e-9,-0.3678425937057841,4.431777595252438e-9
cg15823330,1.5244174490500282e-9,-0.50731527432332,3.7986591381793164e-9
cg06703375,7.286192458386227e-26,-0.4079609113780535,8.53597685923442e-25
cg13689309,9.039296954355409e-7,-0.443320370892462,1.6467920045353753e-6
cg16059167,3.3843529007178107e-9,-0.4017282802302639,8.121484130172044e-9
cg21848084,2.2572012070963317e-17,-0.4085597682331619,1.0756775243987321e-16
cg17493795,2.687116732205518e-7,-0.3423499962516592,5.252799452179269e-7
cg06911744,2.5118295303265206e-6,-0.38055879095282075,4.288923499656721e-6
cg12593511,1.2912662794413736e-4,-0.45380671991101296,1.7152489869429898e-4
cg08831401,4.997610371730044e-5,-0.3793739022285134,6.967742724883128e-5
cg16176095,6.64257865945327e-17,-0.41971877248258316,3.0368645524383923e-16
cg15385853,6.811891945168628e-22,-0.5049382238575679,4.953302461853222e-21
cg15059176,3.6008697222805416e-7,-0.3152027993280543,6.903030933508265e-7
cg15386853,4.704387602471243e-10,-0.4936546031496204,1.2361840942942347e-9
cg25783497,1.0074699469804196e-33,-0.42473183120922353,3.090185091919942e-32
cg10519004,5.442988899453694e-6,-0.409458601523154,8.880389045820485e-6
cg17286074,7.547006499332513e-12,-0.5047846343771809,2.314464507103824e-11
cg25362585,3.700988501883768e-7,-0.40421130628290497,7.07887483296816e-7
cg09788762,1.4039555029278275e-28,-0.44014288699203025,2.1930304939252267e-27
cg04483711,2.1450402068834984e-9,-0.35452402001554656,5.2444678681340026e-9
cg11251399,5.102675778258503e-36,-0.41113603785696134,2.207234368697973e-34
cg26786407,6.197036312767195e-22,-0.38742302016768726,4.5257143981118e-21
cg01941754,4.473484262794145e-22,-0.3768218204311097,3.339277854572444e-21
cg27450668,1.7964622194770676e-7,-0.39136858158044824,3.5738582125681756e-7
cg22791030,8.700728448452082e-8,-0.3427953021007871,1.8032099376583125e-7
cg21811896,1.6712351345621568e-17,-0.3588674211972086,8.101648482776892e-17
cg27637706,1.116917138223459e-13,-0.3759728583861921,3.9584857398802e-13
cg12612393,6.48409558121339e-16,-0.3544053469327003,2.70759139740272e-15
cg22335847,1.2672912306324386e-29,-0.38859791732568055,2.2504424274493934e-28
cg20000908,3.470793917955603e-9,-0.33623581871921115,8.317087130100999e-9
cg17153775,2.0764452889915722e-26,-0.3809162732887206,2.5757082371535163e-25
cg03957235,4.8679905268116914e-24,-0.36491965198361154,4.4875956386509966e-23
cg04549679,2.4978947763572613e-24,-0.4048894384052999,2.4358083744015603e-23
cg17967071,1.1590279799403978e-22,-0.42995505844879206,9.136823374576874e-22
cg23698560,3.9966615470136694e-24,-0.35390364185735856,3.7457600165622556e-23
cg00935967,2.1182573529889233e-29,-0.5458335180271541,3.6840207778271273e-28
cg07115817,5.273078965713891e-31,-0.45539151954140317,1.0848395384340652e-29
cg17876128,7.43229178208477e-7,-0.40457863074051525,1.3733051737543272e-6
cg08847614,4.3386670265959716e-44,-0.5720599361731391,1.4638662547734809e-41
cg25469923,1.9306099126365533e-10,-0.4124571151213936,5.295835646533114e-10
cg13443938,3.4924432537078273e-7,-0.3769660160474371,6.710423427112875e-7
cg13224197,5.791998101886063e-12,-0.42088454477324005,1.783047590854341e-11
cg00546971,8.935160376190854e-8,-0.4563207528283852,1.8472568081659277e-7
cg21271015,7.288019281142144e-17,-0.3760499338410914,3.313986125953315e-16
cg15645728,1.282512917118194e-8,-0.40478774165769016,2.8847990549045242e-8
cg13056990,8.10238929711856e-34,-0.6389565980079789,2.5312464341183355e-32
cg11380667,3.2595517102909612e-24,-0.34169902174447864,3.1067026752886167e-23
cg24525286,8.696834185007272e-35,-0.4097973458725245,3.0565748479390143e-33
cg21267167,3.473775567529768e-39,-0.46574483402311884,2.930129691211359e-37
cg21913897,7.855241626062565e-23,-0.49406612336702405,6.310377439603595e-22
cg24350011,2.5910408272762123e-21,-0.47826592664256296,1.776864177079256e-20
cg20995977,3.839316072619165e-11,-0.4831027639314578,1.1225175415092775e-10
cg09234698,2.1916322442301636e-36,-0.5460480473588644,1.0270232211156352e-34
cg13067635,1.3413855873538903e-5,-0.378480995668661,2.062823596960814e-5
cg11968318,5.220125592665402e-15,-0.3236721315313753,2.062377488249774e-14
cg15699050,3.2717866855950692e-21,-0.3143273869854245,2.2166683287545708e-20
cg21470600,7.075372435830239e-8,-0.3988904380913544,1.4827519626392066e-7
cg01907457,1.3331506152499958e-20,-0.4747599504506238,8.650096492025935e-20
cg00223046,8.142750928663301e-11,-0.3313772779739514,2.3164959218642476e-10
cg11194299,2.8126398502112046e-35,-0.4742572092977757,1.1297436731681672e-33
cg25880365,7.696637906559927e-21,-0.31970260041137566,5.0918541758300374e-20
cg01295264,2.2081142555598195e-10,-0.38791077450164707,6.001071075553234e-10
cg26250989,5.847039983124215e-17,-0.4488732625231691,2.6804229487854756e-16
cg27428051,2.1926234299431036e-10,-0.30274307113197463,5.975695842187424e-10
cg15484597,3.1168784338169633e-25,-0.4139296202413793,3.305514457591807e-24
cg24513014,9.483033622160193e-10,-0.4078360681639367,2.416597842988557e-9
cg26253070,4.202159100034953e-29,-0.45761557259734936,7.089042401758966e-28
cg17079374,1.8728094712004267e-6,-0.3506187925710692,3.2638735309040494e-6
cg12710648,3.247223447158909e-5,-0.3199452266464503,4.65031065819786e-5
cg24999973,2.4854188523869247e-20,-0.4156239336400973,1.5471961638290562e-19
cg12097989,1.8534177305990966e-24,-0.4103525988223471,1.839244536188633e-23
cg23972860,7.804332199415867e-35,-0.4527276272007413,2.801257110726504e-33
cg19726343,6.580224629783559e-6,-0.44899438017692744,1.0602520487530913e-5
cg24634746,5.5521881961389154e-5,-0.32077208823034437,7.70908764352786e-5
cg18795022,3.207677488054279e-33,-0.5813146700471254,8.87106872515995e-32
cg20313951,3.485450193371777e-25,-0.37068881640953477,3.652145637402601e-24
cg21942218,1.1380136658826432e-32,-0.4491401741038593,2.7039845835831257e-31
cg07344096,7.213354770932105e-36,-0.3982837655704752,3.042232374640615e-34
cg22127730,2.619982253011091e-30,-0.5771719839886266,4.966191079583944e-29
cg18165065,1.0170914159433184e-6,-0.4404862167057773,1.8370805339361651e-6
cg11734367,4.385643533493533e-21,-0.38410594746519444,2.959432256401436e-20
cg04508870,2.1581682190638447e-5,-0.33614085575168673,3.207779546749521e-5
cg19081390,1.1729093626176471e-17,-0.421825881020008,5.812906300631552e-17
cg03989270,2.613335048992551e-20,-0.34870020320294814,1.620844201342071e-19
cg17442683,3.02454747815233e-17,-0.34668675168477947,1.421284567031471e-16
cg17489312,6.00488524690611e-10,-0.3744882513095279,1.5584986786970165e-9
cg26363759,1.432130485431709e-4,-0.3315472869011999,1.8963925658738563e-4
cg06349050,1.6446412550273215e-20,-0.38414077908142374,1.0509506807693529e-19
cg24597774,1.3776447860407216e-11,-0.7467390442283202,4.128040415720599e-11
cg12430302,1.1028316878208748e-25,-0.38187932350092396,1.2486423203716884e-24
cg21686171,7.733533643478445e-21,-0.5116572473319073,5.096277834589116e-20
cg15678052,5.832764844620198e-10,-0.44757083897454425,1.516159367160905e-9
cg21117808,2.496609884560565e-4,-0.3252200372894184,3.212647502100437e-4
cg13871843,8.292336717713317e-9,-0.35352360256308696,1.9189536409852353e-8
cg16578549,1.3498839804899487e-10,-0.619677887815487,3.7454840050765514e-10
cg07388700,4.461187612674305e-10,-0.5779079594637971,1.174106630667949e-9
cg26896979,4.2500587411571243e-10,-0.32022423678461415,1.1202889213018857e-9
cg22400059,2.3202682784266886e-5,-0.4860712149389623,3.418596144721243e-5
cg07985864,2.264911331954128e-43,-0.5886811406787925,6.368175695011024e-41
cg02634861,1.7717401782741192e-41,-0.6280013090841383,2.717205164316763e-39
cg25463742,8.011865447949068e-5,-0.33187052273803425,1.0900013718298452e-4
cg26027690,3.7934000835660274e-10,-0.5794116029118159,1.0062053366314289e-9
cg04117764,9.49956418386284e-18,-0.40894340525950706,4.755419815482674e-17
cg05304461,9.894397265321367e-13,-0.31913844661529256,3.2411355702130383e-12
cg25287708,1.349093621771915e-19,-0.4846450436327558,7.767648259144098e-19
cg20462100,1.7853875183985652e-9,-0.3738849176070623,4.409881030070834e-9
cg22877366,4.825457323370547e-6,-0.31388680358333265,7.92653018941199e-6
cg16513984,2.4403767897055932e-20,-0.36088856518469115,1.5247835719382726e-19
cg15557758,1.3145679792860234e-9,-0.32317285704483273,3.2952097786857677e-9
cg12481389,1.041386007919872e-30,-0.5169003451600029,2.0914502325724093e-29
cg17785202,4.655555888743144e-6,-0.41912473596037775,7.669846469052426e-6
cg24589834,5.367883423888526e-35,-0.4240823206818058,1.9686128991521614e-33
cg17596058,8.559211213707515e-7,-0.31247892512787023,1.5660942860655724e-6
cg00915214,9.776221792877476e-22,-0.3242217208576329,6.98834159516284e-21
cg11157208,3.099180640360005e-33,-0.6872741557654961,8.71386290047888e-32
cg13322252,1.3347062497969673e-7,-0.5355605354689683,2.6901427041905423e-7
cg16552271,9.855662247938044e-16,-0.3217601429996998,4.055244442017434e-15
cg14036402,8.790263033492198e-6,-0.3529235922873189,1.391104478189619e-5
cg20149780,5.772320813363029e-4,-0.3796567105391631,7.165493165668456e-4
cg21004104,1.597590001806893e-6,-0.5797761200166173,2.8191781726445904e-6
cg13196578,8.101076752163525e-34,-0.5159858171532833,2.5312464341183355e-32
cg22947094,6.651218063623994e-6,-0.38748036727931384,1.0691203275904083e-5
cg22711082,5.915574716034412e-14,-0.34611093769274226,2.1461450636451727e-13
cg18787437,4.310894770042969e-8,-0.40932055719191174,9.252518418654566e-8
cg05800639,1.098959005775786e-32,-0.3830645446919243,2.6484912039196445e-31
cg20321265,8.563758939248364e-11,-0.43492684052660086,2.424003578944965e-10
cg08939394,4.997851627888314e-7,-0.4118270207462592,9.389059795375931e-7
cg25979543,2.1967358065046127e-7,-0.34244506686579645,4.3192229668686265e-7
cg21291759,7.596121979111779e-34,-0.5381855116152261,2.464357265146456e-32
cg17943995,5.503002996675967e-6,-0.4126764113679713,8.969629039026432e-6
cg12610169,3.111012739807648e-23,-0.315531745808432,2.6241392460277513e-22
cg12297374,1.453656312471773e-9,-0.31711091291787324,3.63306399872575e-9
cg24875000,1.9734540882885346e-33,-0.44547448581445975,5.740029391280616e-32
cg14856563,0.0049528630865288015,-0.33931379289991664,0.005711196190686321
cg00760014,1.5266808002578005e-5,-0.5099244791866786,2.3223719657663747e-5
cg21417130,2.0743968549363047e-8,-0.35915286339723085,4.586510477427976e-8
cg16265859,8.381765753638437e-10,-0.30223040114838706,2.1456811572667746e-9
cg20698410,2.200219149856446e-37,-0.48736246296635055,1.1599280330649452e-35
cg04928049,3.4902819682238737e-16,-0.3728333781442844,1.505909381174853e-15
cg25141181,2.9884006387723885e-14,-0.3796266699553472,1.1080070060679164e-13
cg04932329,1.0651906021078215e-7,-0.3887499435441324,2.1728857868874182e-7
cg13100118,3.983726870844699e-6,-0.3355081538228626,6.621228799128086e-6
cg01791421,9.350489517609902e-5,-0.433396404794756,1.2629524272384234e-4
cg17086204,1.0455592824390471e-22,-0.5077641675673061,8.337973681652202e-22
cg16134070,1.0471859318449278e-9,-0.453223110882101,2.6367203985408853e-9
cg17425580,1.6144527290487886e-38,-0.5451678062132104,1.1841659799588287e-36
cg08704881,3.9326999765865657e-16,-0.39675507466174315,1.6924655256381471e-15
cg24718617,5.5101142389653945e-28,-0.47599875761919547,7.944925402679163e-27
cg11834658,1.3560814135265665e-5,-0.31731140820941683,2.081628157069443e-5
cg16583536,3.661270125687434e-12,-0.3618721898728452,1.1523437876930413e-11
cg10525720,3.665411165252589e-30,-0.38378506185145683,6.795108390968261e-29
cg02053477,2.9867342772050266e-13,-0.37960011692163587,1.0220326015506857e-12
cg16685586,1.6774035888262241e-23,-0.359407625066568,1.436436474289259e-22
cg01960748,1.9075946175369576e-9,-0.40073211064632003,4.697973897496128e-9
cg23259394,1.1494747371026671e-9,-0.4997552321943617,2.8899610752491792e-9
cg20146241,5.324865605609357e-8,-0.40162195531707634,1.1338701395055063e-7
cg25140783,1.594239646660121e-7,-0.41630568501278425,3.1979575314097793e-7
cg17094249,7.482871316533071e-7,-0.3190197965557501,1.3811382834782594e-6
cg12446045,1.2480624098677608e-18,-0.44329655158837306,6.684067572847341e-18
cg15131146,1.0037495403399523e-7,-0.3253294224765232,2.0625158033538362e-7
cg19304093,5.416429269056556e-34,-0.47991633373062403,1.8275032353796822e-32
cg25199536,3.0880532973168593e-7,-0.3345553902169318,5.9742498997403e-7
cg03604774,2.2177593528933966e-5,-0.4351725383761934,3.2790184297380894e-5
cg01115565,7.852712717260256e-13,-0.33634545026797813,2.592470910766742e-12
cg17753162,6.423679482113962e-26,-0.4052855289474985,7.578144955472904e-25
cg22515475,8.280731913888669e-10,-0.3552028831183742,2.1230387140927333e-9
cg20013177,2.5675756329271064e-8,-0.38566497051217474,5.647327369945278e-8
cg11684541,1.892865467607919e-15,-0.33543435600562715,7.676115490034998e-15
cg25310233,2.497835710745138e-14,-0.33765454778470566,9.364108542282328e-14
cg25470758,2.8523101348043724e-13,-0.4155565518784197,9.780177230518245e-13
cg09874992,5.1814846623565636e-14,-0.46451761452826484,1.8961311551834105e-13
cg19377326,1.1604991387709738e-4,-0.3405581345753448,1.5500887150487986e-4
cg20941758,1.0133126762782882e-4,-0.33388209802779645,1.365382176422901e-4
cg06615464,8.736919726165392e-13,-0.3367507501139775,2.867545443198641e-12
cg07947531,6.927365704420162e-22,-0.3576998961272864,5.015650619466444e-21
cg15210307,2.33586169784997e-19,-0.4662660562051162,1.3091689980973088e-18
cg22675207,7.654283135571377e-17,-0.33244518316730853,3.4711762499217513e-16
cg04311473,1.3491771459437873e-12,-0.3921618326489405,4.3854756169694975e-12
cg19082496,9.857065513729195e-7,-0.3372392427603378,1.784213467989394e-6
cg17428913,5.121407853756318e-19,-0.42596050075408176,2.832726245667839e-18
cg04482628,2.9623298148186924e-6,-0.4083198994807373,5.03267915166076e-6
cg02837162,1.1268495406715781e-8,-0.3404904859651148,2.548250904977148e-8
cg11836212,4.395064352022832e-7,-0.36676252270474985,8.302881928177511e-7
cg14178083,1.0641116550250698e-20,-0.3965933348815526,6.985044210222929e-20
cg24088273,3.790097266344949e-20,-0.318344625406892,2.3166282928709887e-19
cg15689121,2.6317667517355015e-36,-0.5709727958510606,1.1683659237309975e-34
cg26803725,6.125297797622746e-11,-0.4688103984745442,1.7573771062227163e-10
cg18270687,3.2247111000660194e-7,-0.4181201929147683,6.224356551271596e-7
cg09071280,1.0087829737303393e-11,-0.4876381748439453,3.060821720653026e-11
cg18154117,1.1593865454298546e-18,-0.5212951581852737,6.228933446306257e-18
cg00974095,2.2090486887484043e-10,-0.5636961243101175,6.001071075553234e-10
cg00255699,6.386988521917007e-13,-0.43089937347559654,2.1252168908232724e-12
cg22016731,5.658133074507353e-16,-0.39482616909127205,2.3744453971875383e-15
cg13247117,1.9433635877587369e-19,-0.418478729113304,1.1075859366719559e-18
cg13935127,5.270885553954619e-29,-0.4039404962207446,8.632994106331498e-28
cg01074104,6.38418364811717e-38,-0.6147728338064918,3.846470647990595e-36
cg09635738,1.6245059217993864e-33,-0.34620552087177997,4.893824089420652e-32
cg09664054,1.3403390424542142e-28,-0.4727609311958557,2.113226135159121e-27
cg17220055,3.5675226575258767e-6,-0.4565736920461253,5.982515629469337e-6
cg11735008,2.4884747539096272e-5,-0.38584299412528555,3.631537119243548e-5
cg27441384,3.9239124591934166e-40,-0.5666442676813054,3.8939060697995844e-38
cg07603685,4.8023094209736686e-33,-0.4794062397268343,1.2658587489347779e-31
cg06654076,5.517757655425406e-15,-0.3515259086751261,2.169803534895725e-14
cg24250588,7.249773705476028e-7,-0.3230747012767495,1.3410491492475941e-6
cg15089806,4.1169428012938707e-10,-0.43641823457593676,1.0868986707015274e-9
cg15821544,9.325076038975945e-8,-0.42345753404127373,1.9184638143600512e-7
cg25363807,7.303173192424313e-6,-0.3504210692722573,1.1656057876650724e-5
cg18022893,2.720241501275003e-5,-0.3693085928766194,3.9424805950609365e-5
cg14220329,6.952141840945894e-30,-0.3956443539060061,1.2748112267038829e-28
cg24873093,1.0713128607517466e-8,-0.5749578954390753,2.4291731130217697e-8
cg02835462,2.17223511052392e-29,-0.47776561251135613,3.739347583116177e-28
cg00508158,1.032600635897367e-29,-0.46007294920612934,1.859379474382292e-28
cg25099516,1.1165326216042914e-19,-0.42600850426032133,6.45065250906315e-19
cg09814448,2.1611807950188686e-5,-0.4452290867182871,3.2094295785183376e-5
cg13394857,2.808097088226491e-34,-0.4956350593583282,9.667877118036919e-33
cg02030141,2.330346659885349e-5,-0.3009625493357762,3.430449227946408e-5
cg12527995,4.0526823575851116e-10,-0.41273600037614083,1.0716105230793234e-9
cg08458711,6.262008502226388e-14,-0.4008013148334031,2.2621002876351002e-13
cg03646354,9.043806411265719e-28,-0.37181742088405173,1.2609009434549807e-26
cg23442217,5.324006614628759e-10,-0.4091091952410265,1.3860492529133824e-9
cg24313572,6.696710525504342e-24,-0.3894621455871988,6.041363987446965e-23
cg25764120,6.772445359844051e-28,-0.4962377890259884,9.520929435047428e-27
cg24047044,4.8539291676827996e-29,-0.48981625362788583,8.107503471169192e-28
cg19679543,1.1478346948175146e-13,-0.353069287234967,4.0595327676250466e-13
cg03724279,3.116222386190854e-16,-0.3392179937707762,1.35841528824392e-15
cg15576338,6.023221527411403e-13,-0.5487450194464181,2.0139674801404532e-12
cg09132102,3.957377559492064e-12,-0.3928704939177341,1.2340288249284866e-11
cg11682697,1.2505528884207903e-5,-0.43611496391468196,1.937266044780416e-5
cg20704530,3.1753826935954775e-9,-0.3957200026752601,7.630869806403947e-9
cg23844013,1.0360502109776848e-29,-0.4335112142529331,1.859379474382292e-28
cg13047196,4.408763396419758e-12,-0.5021450883398937,1.3672029135588478e-11
cg13060236,3.4659066851246503e-4,-0.3800974973232264,4.412818549287007e-4
cg15131883,3.720825191101652e-20,-0.44996500270482004,2.282557126323086e-19
cg01771213,3.3129814460600965e-29,-0.47167513060424704,5.645454241922609e-28
cg18270820,2.9865184582465224e-22,-0.38116916704996473,2.2797541353221193e-21
cg04910179,5.940368673557056e-26,-0.4981199401178098,7.057325318514616e-25
cg18174779,5.851236326003968e-12,-0.3779707112415957,1.7980028564605997e-11
cg18231025,3.242129005064928e-4,-0.38327381521539133,4.1466805394575697e-4
cg26607258,6.280600192694603e-6,-0.5214870819864845,1.0178071589890293e-5
cg15594444,1.0589535070492595e-8,-0.5753812603854884,2.4076207094233163e-8
cg07381872,9.327145259173756e-12,-0.3388690190550898,2.835116045446149e-11
cg25001190,3.982278363183082e-8,-0.4790634465857096,8.601925222394185e-8
cg15835664,5.009486799262905e-7,-0.4931359209155803,9.400449644445517e-7
cg19896129,1.231537601358183e-4,-0.3491269116242699,1.6397821100957023e-4
cg25839727,8.330203374065528e-20,-0.347330321806759,4.94825813100301e-19
cg07203817,7.037347106325847e-23,-0.37605165786841543,5.680384960943399e-22
cg19320261,1.0038857943913805e-9,-0.37711455611470607,2.535262477751885e-9
cg15209277,1.029281165087322e-23,-0.40642469689480365,9.043736070324543e-23
cg21850722,6.0146218710712704e-06,-0.3673186563017657,9.76580086284623e-6
cg08036553,9.796184830159943e-6,-0.4037176705780134,1.5373175635795187e-5
cg11750112,2.905428779063416e-4,-0.37512466534487776,3.721684396567945e-4
cg17181043,3.407332609556347e-12,-0.4541662377157184,1.0764363506220145e-11
cg25210796,1.6729267846160314e-8,-0.36875574393613486,3.7183497834614557e-8
cg07959978,9.666816166492459e-7,-0.35365854440998035,1.7546282788319308e-6
cg00292636,6.368018157660192e-34,-0.48333748080135025,2.106440516073087e-32
cg09018107,1.3745549583256458e-30,-0.4645239716000891,2.696365365924842e-29
cg07093570,2.3940387688374523e-8,-0.3641255504558658,5.279403141214094e-8
cg25939869,2.2972242925064048e-17,-0.47835162613775073,1.091666868016424e-16
cg03946297,1.9870241699298602e-9,-0.37728498467428256,4.886457397480574e-9
cg12603671,6.863526859069824e-10,-0.5074904657114252,1.7758849403758884e-9
cg15553840,7.400312122551331e-24,-0.4524985580307907,6.570698184602155e-23
cg06204629,3.3245444116356393e-22,-0.35379689692913086,2.5037975100130908e-21
cg22708339,1.2938192976862192e-5,-0.35897358610384433,1.996956226163451e-5
cg25312440,3.769205098838819e-5,-0.3108653484621372,5.3614241161391975e-5
cg07163168,6.216178751338039e-13,-0.585309603433276,2.0724690817208047e-12
cg03761543,3.9010797442479076e-20,-0.36323253865193794,2.367309902354755e-19
cg05347985,5.179472678942237e-29,-0.4656136237587086,8.56644157781917e-28
cg21609706,4.417061595109998e-5,-0.305749240414409,6.21483145200214e-5
cg15997518,1.2108585291976298e-9,-0.3378793553017303,3.039759432673216e-9
cg14044464,6.78032844780171e-33,-0.4296468807627732,1.7330930441578008e-31
cg15393179,3.856820919322714e-24,-0.4569896587920234,3.634892117819787e-23
cg23639773,5.043392521388361e-24,-0.45567692492808654,4.624023469338133e-23
cg22529952,1.0537550127995938e-14,-0.3015098422265276,4.086631509409e-14
cg15876968,2.8098947687113044e-5,-0.41379819981590504,4.0515320297572394e-5
cg22372968,3.662626469758876e-8,-0.4097308218441736,7.931772598823136e-8
cg16596317,1.833291453389748e-5,-0.5920996247744913,2.75156822230294e-5
cg23717593,2.8448258161944266e-13,-0.3473968254199474,9.774381164806512e-13
cg14993830,2.348881404572414e-42,-0.4684039764586143,5.660804185019517e-40
cg20701183,1.3305096448267584e-6,-0.3887236246053638,2.3701898319141936e-6
cg10574861,1.2679841754158122e-7,-0.39700672542136356,2.571020797988552e-7
cg01393939,5.859748013078023e-22,-0.4089009342095473,4.2979977817663585e-21
cg23036668,1.107058989293566e-13,-0.3927138634713589,3.9318073998699916e-13
cg08530632,2.1483866802289263e-19,-0.39427480928531444,1.2162175602504022e-18
cg27044148,2.1743366477197107e-22,-0.4560532981468586,1.6903713938724204e-21
cg13682345,1.95179110529691e-17,-0.34251265280668197,9.380830753948397e-17
cg07182010,4.441586641481958e-21,-0.3748546858453593,2.9852416988765197e-20
cg23216101,1.316293722524914e-27,-0.4118525897585982,1.8201536966389588e-26
cg11705954,4.1317898060260397e-23,-0.44262986142643074,3.4506581201811535e-22
cg23098371,1.896508001498851e-13,-0.41984142725156626,6.596719584594972e-13
cg15714328,1.6913404841715907e-10,-0.385345489306133,4.662240844440316e-10
cg19402179,1.282290095931581e-24,-0.4523158249187493,1.2953433484051361e-23
cg04165508,2.9462976590718937e-8,-0.44562250519060786,6.438347345666173e-8
cg24937735,2.8546667410390546e-17,-0.36413401054728406,1.3452018972438226e-16
cg18377941,9.469327903289485e-24,-0.43496543479144467,8.363746687355686e-23
cg26660461,9.255795524892738e-20,-0.624753893203897,5.440601759754024e-19
cg06033721,1.2575660014238392e-6,-0.303212653397099,2.2449881951344095e-6
cg14200127,2.64872744985583e-4,-0.397759703746319,3.400611269335453e-4
cg24682415,7.07866922639432e-24,-0.3820987358149748,6.35197605581235e-23
cg26330928,2.7767371265572827e-12,-0.4447031051072342,8.838406665098369e-12
cg23598604,1.1722209698728597e-10,-0.5903396134790228,3.290410609277062e-10
cg00903932,9.427066041238015e-26,-0.4378607719148903,1.0803024646060866e-24
cg17443007,4.631265255550169e-11,-0.43829995041469816,1.3424303240744217e-10
cg18150837,1.064873383834517e-37,-0.45941159970503803,5.9881379950961e-36
cg21161367,1.5588584697844288e-26,-0.5142974634964408,1.9772889011476175e-25
cg04124962,6.760074629484621e-11,-0.4135951918522332,1.9296524365381651e-10
cg27558541,1.1261525803967477e-22,-0.3426654543740554,8.919339920794898e-22
cg09228015,5.280348874274417e-4,-0.3067333787639331,6.578987112925362e-4
cg13942103,4.900500981356585e-7,-0.4163684354045068,9.226724503960444e-7
cg17516825,2.7520204016517605e-11,-0.5640033140494802,8.130750293496532e-11
cg09235788,1.3216076920471252e-4,-0.32256657236840686,1.7541716573434306e-4
cg18156192,1.0498767562251257e-7,-0.35807093441621224,2.1468388942445905e-7
cg22012659,3.6244930193920902e-6,-0.32802991563811934,6.065991789399262e-6
cg17711754,1.452489739206002e-32,-0.478023587282936,3.4032641528340633e-31
cg07588355,8.998298699953993e-19,-0.3249496985901081,4.865426252186662e-18
cg09792343,1.415919161763025e-25,-0.345838695940172,1.5818911429763067e-24
cg01101364,1.9658002799594994e-17,-0.44800453246938693,9.421321228101351e-17
cg24075096,9.589091702713274e-20,-0.3087615727207912,5.616943646693505e-19
cg07175197,4.73667472586263e-28,-0.5000372876056152,6.948495880461093e-27
cg23981702,5.898098357446759e-9,-0.5706755106808683,1.3825614794576496e-08
cg10389936,2.0404555811719927e-20,-0.4240088335325049,1.2844211065064e-19
cg00958241,1.9146551742103686e-25,-0.36611832788426707,2.125015315061113e-24
cg23952578,1.4454867109757524e-23,-0.525726778207984,1.250531323803125e-22
cg10180415,2.826213783771158e-7,-0.4155138023776331,5.50556888362811e-7
cg17907003,1.0286697063313038e-6,-0.4142631566538608,1.854023284808664e-6
cg11958234,5.4014683727113996e-14,-0.45832864874295204,1.9723543603385565e-13
cg08847140,1.5241268183809241e-9,-0.409691540924507,3.7986591381793164e-9
cg26915625,3.604571699671136e-32,-0.4151918136546527,8.001200601770009e-31
cg23722204,3.9283399861828787e-4,-0.3298811427726235,4.956701239110334e-4
cg08917664,1.813471986259362e-36,-0.5456716387756357,8.740934973770125e-35
cg23014759,2.4106766246847702e-8,-0.4898676224166637,5.3091533496647614e-8
cg07790752,1.6236114335545785e-13,-0.4271569012053956,5.65915803389788e-13
cg11162068,2.713116369125065e-8,-0.3651817946715197,5.951921085453816e-8
cg01250454,7.941776879150642e-37,-0.4136854987727693,3.9405228220962156e-35
cg21400802,2.190104861387427e-7,-0.46976775147076894,4.3112099196739665e-7
cg09558069,7.056092161863201e-27,-0.3180092361453226,9.086738532109328e-26
cg15633035,3.1410567132068754e-9,-0.4551091103970088,7.559147896119827e-9
cg26105956,5.316333419329836e-20,-0.38204039648158317,3.191691985199086e-19
cg10332026,1.2481897868802373e-14,-0.3647561768017226,4.818526705874051e-14
cg06776548,2.5702289518484182e-21,-0.34656581383120977,1.769786221129911e-20
cg25201998,2.1573857105919148e-12,-0.5518042223712845,6.906090500509602e-12
cg22678754,2.332669305577035e-15,-0.3569785194630051,9.436961914888388e-15
cg27166581,1.6363896412324332e-7,-0.4169859513827654,3.270840432179046e-7
cg13808842,3.8131322513584976e-12,-0.3064322527597201,1.19346087347714e-11
cg11951169,9.61437496809308e-7,-0.4209500532371194,1.747785621893645e-6
cg12303247,6.754810174407276e-4,-0.3223215565652865,8.342141115830948e-4
cg13098071,4.722581662322629e-28,-0.46789980166651945,6.948495880461093e-27
cg13069892,6.558006406058753e-31,-0.4975612962358407,1.332934555062785e-29
cg04105712,1.4641652419952782e-14,-0.30979372486522916,5.58834109331682e-14
cg11719576,2.026243706926492e-35,-0.5516941326591813,8.337251545329249e-34
cg14216734,1.9558547093395444e-25,-0.601104076067539,2.156553525918831e-24
cg26913306,3.671100018435134e-15,-0.3713954501793817,1.4675700784597325e-14
cg20823406,1.0478070068229205e-22,-0.36681352096074143,8.337973681652202e-22
cg25312122,4.6097962294698985e-11,-0.3745814734604609,1.3385070979545128e-10
cg24347498,5.136949267741989e-9,-0.452677285490108,1.2188513944698643e-8
cg21454485,4.1591151311132576e-7,-0.44518681781082015,7.883626096840523e-7
cg26883963,3.2309381813771814e-22,-0.4119934468595374,2.44421197846785e-21
cg25215890,9.971442193883743e-22,-0.3707604883554564,7.097815603832015e-21
cg01071265,1.401605131599896e-13,-0.37139315066830203,4.915816750538512e-13
cg26230851,1.4289465094073388e-12,-0.6103316489686503,4.635832233404193e-12
cg07786995,1.1749858023209006e-17,-0.4077338564581274,5.812906300631552e-17
cg19900821,7.612186034282701e-6,-0.4090357616018557,1.213776733443754e-5
cg21140079,3.2012350871362514e-38,-0.5092462788193837,2.077109073845714e-36
cg09231518,2.3145107504573486e-17,-0.3949793791864591,1.0967920325903221e-16
cg24340655,3.8765590488823623e-28,-0.4902800683787785,5.787393907490748e-27
cg07835293,2.851760362440563e-21,-0.4229741141463843,1.9477407819583927e-20
cg11754482,8.291878204507222e-17,-0.4034802406221785,3.720318758245661e-16
cg10759651,1.937465259930718e-38,-0.3813884600507839,1.3618766222929673e-36
cg20707958,7.643190260176222e-19,-0.3459156729683358,4.159374828682996e-18
cg09501047,7.34789187774205e-20,-0.3012889503671181,4.395706949557035e-19
cg09823576,2.03255993474894e-28,-0.3915517300355664,3.117207827201329e-27
cg05229742,2.100592013679981e-9,-0.37539205294891753,5.143249241042275e-9
cg24310780,1.3550069315997233e-11,-0.5556140117538464,4.067431839161447e-11
cg18395632,1.6460509425026136e-6,-0.4655931157172991,2.8986304175385272e-6
cg14178541,1.151691470780171e-11,-0.4016264141003466,3.4756771220145766e-11
cg00393673,1.5696107306068047e-5,-0.5160380302347978,2.3812349842928774e-5
cg10721030,6.769407554380273e-21,-0.33496113889209417,4.5138302546401266e-20
cg24833674,2.3624520938286206e-6,-0.5490066926173245,4.062646974810279e-6
cg13081288,8.664564590115286e-9,-0.3353651923653616,1.9968743802629084e-8
cg01833122,1.0152588612853326e-32,-0.5219477097510998,2.4822343463599364e-31
cg23114435,5.878555385058804e-27,-0.4241898562363606,7.628556103534002e-26
cg26607897,6.889278659297267e-5,-0.46000215872053973,9.472056314779535e-5
cg17936236,2.506176406716362e-7,-0.3196896148274665,4.910475723728807e-7
cg07347148,9.47145515478667e-18,-0.46999040109881884,4.755419815482674e-17
cg20284239,1.3405773467891693e-7,-0.3888662316271536,2.6987517709228266e-7
cg12427162,1.259591723160098e-8,-0.40344524940537324,2.837024348426015e-8
cg18229820,4.6826005076192296e-17,-0.3617440699658786,2.1702052352619893e-16
cg24513381,8.9181439269505715e-12,-0.3609482581704339,2.71568750988549e-11
cg05042938,4.61035605598732e-22,-0.359974381388127,3.411259064232723e-21
cg13802666,1.3401084483955957e-20,-0.3404038956311223,8.661927020855824e-20
cg15675198,7.756135064813784e-5,-0.3058279160837661,1.0560613280339673e-4
cg02338271,5.091464961623279e-7,-0.36670826353295427,9.535144588628546e-7
cg17591816,4.027354333767359e-17,-0.3579407627581314,1.8768361218413081e-16
cg10037894,4.307890073692705e-42,-0.5950299604432563,8.074900615910661e-40
cg18126802,3.6801803444239982e-6,-0.41176370794007083,6.1469942980626585e-6
cg21922512,2.806538041560408e-24,-0.5035462112597988,2.705502672064233e-23
cg17756730,1.1464798711778263e-10,-0.4164553264103605,3.223519237794988e-10
cg00045114,7.30747824620915e-13,-0.3499588205138547,2.4219480945687304e-12
cg22626683,1.7029671821412897e-4,-0.3953825080553167,2.2339857202739936e-4
cg18234224,3.538147585326926e-18,-0.42176185841578473,1.825337913286399e-17
cg16651347,1.693263060839467e-6,-0.3243682014296377,2.9755570662876886e-6
cg00665114,1.5079544460581774e-12,-0.5342741465081609,4.88276228502907e-12
cg15010372,1.6987794606365475e-20,-0.48912200501866293,1.0814494151297568e-19
cg12427163,7.559395040985222e-12,-0.47796083574470283,2.314464507103824e-11
cg18161025,1.0358229281026044e-4,-0.31104344007399765,1.3912685348002339e-4
cg07416590,7.717730040891443e-38,-0.5768465371312415,4.489589854822022e-36
cg18766795,8.437189562379963e-13,-0.43112299455517494,2.7745689652504868e-12
cg11691825,8.624685035523964e-8,-0.5780631924302644,1.7896486660429186e-7
cg08660555,2.1340190743612968e-18,-0.32038748925360544,1.1281368864941488e-17
cg24593832,2.733623308798356e-6,-0.3270038327740412,4.6535040584690476e-6
cg26784929,7.431064238300185e-21,-0.42621520419387227,4.935513925201737e-20
cg00173804,2.7672322398991587e-18,-0.37445565122246116,1.4543055416541684e-17
cg01441127,2.1003864610075113e-9,-0.37932418703648774,5.143249241042275e-9
cg09862509,1.944576411755993e-16,-0.3922431707964968,8.542969808938438e-16
cg11388802,6.122803313929199e-14,-0.46388190243044,2.2165599121456134e-13
cg20152088,1.171946017656764e-15,-0.34035820394963695,4.7987207082207785e-15
cg18761813,1.5469023672722574e-17,-0.3886588263783924,7.54226674447485e-17
cg02339592,1.740568741059421e-20,-0.34777682126377374,1.1038870173561065e-19
cg24307587,2.2628273225891256e-14,-0.4193144395196688,8.501981499349343e-14
cg17435479,2.594903643551662e-14,-0.36144564243342187,9.706435580203223e-14
cg07919760,1.8424423813643435e-10,-0.37550976229250377,5.062215468015712e-10
cg27298324,5.170030480727018e-35,-0.39441395669429047,1.93818698244144e-33
cg22684969,4.120095349346921e-48,-0.6459891640030525,2.3168669514494188e-45
cg14420230,1.4713322074121748e-41,-0.6986758550894794,2.4821374339043387e-39
cg23894439,2.6172508647377777e-13,-0.413324125554536,9.010820834311492e-13
cg24558378,2.698475014447198e-10,-0.3958808313642892,7.23740437102134e-10
cg02051562,6.340155960624084e-19,-0.37728951400358435,3.472676332978192e-18
cg26883161,2.9333963086255236e-20,-0.5351550840505521,1.812688488150644e-19
cg22400420,9.499779714943488e-6,-0.3030677831892306,1.4935813960027646e-5
cg18131582,2.1399158487144496e-18,-0.5336862578687043,1.1281368864941488e-17
cg25605307,8.487412912691765e-32,-0.5401887727884901,1.8356750748347446e-30
cg12792264,3.352596471160753e-35,-0.6149173945686425,1.2854159651927707e-33
cg24250492,4.060481009860675e-6,-0.5238572911471273,6.742156952396612e-6
cg12764314,8.277709452234691e-46,-0.3436435408323459,3.491123961479981e-43
cg26795702,3.6085696179958744e-28,-0.37016765441283095,5.435407987106286e-27
cg15687000,4.985666706492636e-10,-0.5221957000192743,1.306027908983397e-9
cg09067029,2.8031477101526797e-24,-0.37512430687695075,2.705502672064233e-23
cg23069648,3.079717403417705e-27,-0.44435006967422336,4.090931700445408e-26
cg15448056,9.110811456706869e-11,-0.47744077193279055,2.5702239009137937e-10
cg17949127,7.95474978793315e-20,-0.3567648406876617,4.74193035061598e-19
cg17417618,3.0921925583924246e-18,-0.432276911360099,1.6100397672864263e-17
cg12725760,3.802824422137749e-4,-0.3468755043154466,4.8091190405894917e-4
cg15711508,3.7401391821786315e-9,-0.39665986963878747,8.937131445234208e-9
cg25729466,1.634000586918788e-12,-0.5311491324307689,5.270667285147219e-12
cg08642771,9.161442116149519e-33,-0.5039877836759871,2.2728460073447407e-31
cg22036894,1.4196455071815297e-15,-0.5120688433673835,5.770944507506603e-15
cg19938167,4.136796305415596e-42,-0.6587371801749128,8.074900615910661e-40
cg07236204,2.2883206816894075e-38,-0.5543950880836879,1.5441587960040124e-36
cg10015974,4.5562969488251175e-23,-0.4799259863632197,3.7678788983666536e-22
cg10098523,9.9589253040313e-9,-0.37673401301790066,2.2765185620461793e-8
cg18126097,1.7111937911254737e-7,-0.54383349645756,3.416312338022099e-7
cg06880420,2.0021160437467584e-6,-0.3913828429511973,3.4820306863925583e-6
cg06346954,2.984711449399281e-19,-0.5509693024899053,1.6672874884558237e-18
cg16529686,7.864441889546898e-33,-0.5581943680637219,1.980196039950092e-31
cg22628512,3.527024276948279e-18,-0.47850128018836546,1.8251809678563637e-17
cg20821187,1.1667693148211592e-11,-0.5495223585327446,3.5148925608987424e-11
cg20944315,7.479339069188325e-10,-0.393935827772303,1.923421495384254e-9
cg18437839,9.838326971537428e-7,-0.4370567888690878,1.7827344361958796e-6
cg01931883,3.111919203109773e-14,-0.46726231467879764,1.151273617466269e-13
cg06370650,3.319952801092347e-24,-0.4418359970295502,3.1464945929453873e-23
cg17036164,2.4603017501498066e-30,-0.39734835046482825,4.7165102869349134e-29
cg19317258,6.47022851760503e-10,-0.39596961821097154,1.6766936266051742e-9
cg23668905,2.690153907881056e-25,-0.37307405529556736,2.8906303456021284e-24
cg25683570,1.134127134078611e-21,-0.5139436016639422,8.005324163977476e-21
cg18183701,1.8280238727112312e-5,-0.4357166151563909,2.7461053190239065e-5
cg16516919,6.028770465150735e-13,-0.4007405528760609,2.0139674801404532e-12
cg21818533,9.809952570677503e-18,-0.34181453151759555,4.8962692268440673e-17
cg27532845,1.505431650417445e-8,-0.5060562786154125,3.35490514432527e-8
cg20464155,1.1111187666150494e-6,-0.37108704202940745,1.9941035737016895e-6
cg22218806,8.805729750738563e-26,-0.3771135669149879,1.0174839787325998e-24
cg14611455,2.9571537715372803e-9,-0.41305085215021853,7.147161049546407e-9
cg21101726,4.164956542997615e-37,-0.46327556181811924,2.1291762691021141e-35
cg08530008,1.4290137896021924e-24,-0.4865548258152997,1.4349680137255348e-23
cg03127388,3.145486694424225e-24,-0.3482618862820638,3.015020484939584e-23
cg15903562,6.242292030043636e-16,-0.4373848070007282,2.6130884999214925e-15
cg11820840,2.1273199347209796e-14,-0.40276500305380786,8.010689129183689e-14
cg14181289,3.4524907712419113e-15,-0.35774766480813386,1.3834565156971744e-14
cg12458003,1.1435821313016695e-11,-0.3653787275500533,3.457388988361857e-11
cg23841819,2.0287804016330372e-5,-0.44181316728204534,3.0288075553583482e-5
cg15152595,5.563668092919028e-17,-0.48018859478191617,2.5638249584272106e-16
cg18861810,3.191796253278545e-30,-0.5504525826539588,5.982844754756561e-29
cg15460899,3.372691884012664e-16,-0.5500490745090058,1.45890543803317e-15
cg05390368,3.137172908325681e-16,-0.35724195931777947,1.3640233753467586e-15
cg27511824,2.0814709997975574e-10,-0.3616577329032298,5.691153284697698e-10
cg20771622,6.757143010809345e-18,-0.3353691493648979,3.443897359285609e-17
cg23670519,5.014101569639304e-8,-0.3395642090014782,1.0707328288584184e-7
cg24700388,1.0399669942319325e-40,-0.5198273304795539,1.0965151995432939e-38
cg21525572,1.1771333045742272e-7,-0.3987585715359072,2.3896797651224084e-7
cg13429095,3.089983740390742e-26,-0.3803613547648901,3.7773931666950595e-25
cg12073436,2.527096839001955e-13,-0.5529957635613092,8.718225700196928e-13
cg22671342,1.1609519981997295e-16,-0.5214909693268658,5.167614831036791e-16
cg09232269,2.0830206436803152e-4,-0.4881215706527351,2.7072849197909795e-4
cg14201291,4.1322753338854923e-19,-0.4018606725043344,2.2931409500871136e-18
cg23843022,2.1337710116746364e-7,-0.43114529059777396,4.21014233531592e-7
cg24664351,3.1040432646423583e-19,-0.4452065648744196,1.7282247483338807e-18
cg13482073,1.5752552729790233e-12,-0.4671795700679372,5.0909111983057706e-12
cg22022747,1.637994467901704e-32,-0.41161470051029603,3.754813042836076e-31
cg22736624,5.472544807792418e-28,-0.5648588575270805,7.944925402679163e-27
cg24997231,1.7370121789214282e-6,-0.3506854517533134,3.0429278773005704e-6
cg09858925,4.4684812063843575e-27,-0.43621864371884783,5.843664957496443e-26
cg24446417,3.4748790844025947e-6,-0.5246231166497259,5.844587253626298e-6
cg22787719,1.954006372760322e-8,-0.4130287714693362,4.325995736019243e-8
cg12697139,7.0107818066114326e-6,-0.38501991868473723,1.1231898297961525e-5
cg14094320,8.290102125429912e-8,-0.3766992027581114,1.7244639069790705e-7
cg21393051,1.7511179286059974e-7,-0.30027917367204765,3.4918864604708246e-7
cg24640516,1.0862209686231515e-15,-0.3240207587213605,4.458527430820576e-15
cg19403323,4.532461292022694e-38,-0.431204423559549,2.831948962830476e-36
cg20695534,1.008699302328298e-13,-0.3337574542664861,3.590033170944808e-13
cg03047059,4.6877519657502386e-24,-0.41112675525469133,4.345185475945414e-23
cg12706474,4.2360354330599756e-12,-0.40216027628807693,1.3184855674487415e-11
cg09248613,1.9317947842842172e-18,-0.39824751768750277,1.0248232078891428e-17
cg19234983,3.685760140197058e-7,-0.46301799992166365,7.057749553362584e-7
cg14032261,2.6512333369933477e-6,-0.4363629015605655,4.517808726775533e-6
cg24296187,4.0534852358745095e-11,-0.5835266303380182,1.183084704657491e-10
cg17296707,2.032357547198601e-7,-0.37108644931041734,4.0194457000281826e-7
cg23075506,1.6470430656186697e-32,-0.5313541009762609,3.754813042836076e-31
cg27178922,1.3257576057445739e-7,-0.3267000126462168,2.6753027283386317e-7
cg18345456,2.236272650979297e-6,-0.4424611976535082,3.865360617010321e-6
cg06826449,1.5543101228104349e-18,-0.3146821345195424,8.297851826522795e-18
cg22400454,3.4330698688784384e-8,-0.6440549293980566,7.47301789522313e-8
cg15895782,5.8835860756511975e-6,-0.35448767309035056,9.562244421602669e-6
cg27589988,9.914304951198944e-10,-0.4617027229430388,2.5075610873572143e-9
cg04923840,1.7213860709626928e-8,-0.4780144199099354,3.8160030245914095e-8
cg26036678,6.413243821410736e-6,-0.3334149385152318,1.0373099066845553e-5
cg23218397,5.747678973939792e-24,-0.43105431372037506,5.213083026363672e-23
cg20320200,1.0102049340720303e-4,-0.3080957476255302,1.3622827528213548e-4
cg18876728,1.8564028227970238e-7,-0.5134392519542742,3.688753312200918e-7
cg20991819,1.5532721517226933e-16,-0.5112931279165327,6.877611863402058e-16
cg13132121,4.770678771229335e-7,-0.3912429320160474,8.992329706216635e-7
cg09871265,7.907459986095717e-22,-0.3620792395018412,5.676546807039776e-21
cg13962170,2.826769218609133e-22,-0.4015639074589844,2.167618032633458e-21
cg11718886,3.892933582409568e-6,-0.3835903648926269,6.4830986708044825e-6
cg07216884,1.1057982560817866e-6,-0.3542998521594641,1.990908919967955e-6
cg04250873,3.067524556995827e-18,-0.3578695810986837,1.602140534876768e-17
cg15965383,4.17594519900041e-8,-0.5044875681199227,8.997215262725021e-8
cg12804063,9.9339195025916e-29,-0.5158263157291785,1.5809926604596254e-27
cg21402096,1.0171630049058821e-7,-0.5838787292562277,2.0875352667593956e-7
cg19375336,2.0194152456008485e-25,-0.4049745464577784,2.1979054963410528e-24
cg09894814,7.69958304232009e-22,-0.3412470846377761,5.550938714698288e-21
cg16651768,1.9497332813830192e-5,-0.5097921056536344,2.9185448497720973e-5
cg16724720,2.6160661375270907e-26,-0.4495460338021661,3.2213894700789795e-25
cg08035638,6.77772329925068e-23,-0.408120966759124,5.497124618190336e-22
cg07800959,1.7957254047693773e-28,-0.3494678310258876,2.7792557411430638e-27
cg19867250,4.045025058364514e-14,-0.35268673092132674,1.4932072808448436e-13
cg12444822,4.1671109748840065e-15,-0.3846918298834869,1.6579991072238958e-14
cg13305444,8.009842976074164e-6,-0.39709895410881163,1.2723733616419129e-5
cg19156963,4.151346957272591e-22,-0.3361559303179409,3.1125876964083825e-21
cg24729839,1.3130382983788884e-6,-0.4045453648072748,2.3415386991175316e-6
cg22489204,5.2174602334430435e-20,-0.3099743767368047,3.143519790649434e-19
cg15260921,1.7882293515790353e-16,-0.3453159167376227,7.876613357999564e-16
cg21690505,5.563317060016027e-9,-0.42670982378381417,1.3126315916429424e-8
cg20701926,1.412950839452991e-10,-0.306912119787118,3.9076197805855663e-10
cg22157069,8.563330395458275e-12,-0.3443409619454885,2.6123577535511952e-11
cg17933936,6.077115876077897e-40,-0.4821897006360064,5.695608046079673e-38
cg19746567,2.097479590779398e-14,-0.4257896039721968,7.91599120725916e-14
cg13791379,1.2055637365295868e-23,-0.38888749022877195,1.0483433110955736e-22
cg18918637,3.6221660818115946e-8,-0.35853639856692127,7.854234164545193e-8
cg07921765,5.617678890543002e-33,-0.575994512581538,1.4580037366686223e-31
cg01967586,1.8950663456040613e-32,-0.4325570299687039,4.262635900045402e-31
cg26188212,4.760196467133373e-5,-0.4592674840019576,6.664275053986721e-5
cg15732451,1.540633459917377e-11,-0.4477022923111098,4.600086100673655e-11
cg24406771,6.42899602668163e-28,-0.48709768010475507,9.11404730841337e-27
cg18117403,7.646493801166795e-14,-0.3767148042252301,2.7446032005464644e-13
cg18967021,3.1390547431229686e-18,-0.30300682974863075,1.6294108774302917e-17
cg25023165,8.200274372204492e-13,-0.37093032475440124,2.7019263409978474e-12
cg02773275,1.2504759333171967e-15,-0.40928165484018475,5.107876269990583e-15
cg13305336,1.566236122027921e-31,-0.6088569128099041,3.302800422326378e-30
cg14170793,8.306111980190238e-9,-0.44218261857413965,1.919508343915196e-8
cg12130225,8.149396277309869e-6,-0.3917903101026385,1.2921082255471567e-5
cg22153407,7.824419259053326e-9,-0.540295847159113,1.8131586936844728e-8
cg03347632,2.916578736947558e-12,-0.35229940745714095,9.248624679004755e-12
cg11570508,4.3315291894566094e-16,-0.3855236085636353,1.845275187528611e-15
cg11226042,1.5797625918188307e-29,-0.43758724818170025,2.7761036379149663e-28
cg14523948,6.236219636420419e-25,-0.5098036215140201,6.376062137358331e-24
cg18166959,6.526823009445484e-7,-0.3326583678061821,1.21665750463365e-6
cg04096525,0.0016857913683658416,-0.37964576640791453,0.0020141147580971493
cg23172853,1.2000189241410439e-20,-0.34735473457862365,7.846635368317601e-20
cg05656812,3.4818901280715383e-26,-0.3356648428759661,4.22586233529258e-25
cg22431753,7.276917621859367e-24,-0.409327413293632,6.495322766178175e-23
cg27428948,1.4553964204484874e-14,-0.5067996497676959,5.580122184764996e-14
cg24152264,7.050802382972728e-6,-0.3816754266705853,1.1285297552253313e-5
cg18132787,3.0389535729222298e-6,-0.3151606289146083,5.14730389309217e-6
cg13058623,2.4961512791144476e-6,-0.3434353355704953,4.266471335223985e-6
cg17901924,7.921803074881385e-7,-0.41440758533842953,1.4541982358351356e-6
cg12213388,7.862404284300533e-41,-0.6027548759618626,8.842584018409999e-39
cg18024859,8.749525440842915e-29,-0.5731105318636986,1.4057570874954284e-27
cg18876314,2.3249082623835555e-19,-0.34150358667451997,1.3073734128803526e-18
cg23012855,0.0011585390047834808,-0.36503698403984786,0.0014081090065343892
cg16580616,4.143257384910461e-9,-0.4082401497515766,9.872422610655292e-9
cg14786116,7.746041813760516e-6,-0.36922094142989176,1.2339539697652495e-5
cg16576033,2.100261017283824e-5,-0.46890056350574566,3.129982629114674e-5
cg17813670,2.4047429021280948e-20,-0.4052293450750047,1.5081045635279166e-19
cg22531801,2.2800631909206537e-8,-0.4348405282547564,5.0346421506323855e-8
cg15514918,8.374796975898177e-7,-0.5844995712359805,1.534015472132489e-6
cg01514015,3.154946601021859e-35,-0.4342141827553387,1.2377662595171804e-33
cg18381395,1.4082208491130653e-39,-0.5143165614022304,1.2503518802388111e-37
cg07782924,1.3344224978020289e-30,-0.5117938348192073,2.648436180931791e-29
cg00163018,2.240026346482881e-21,-0.3838194688771789,1.5551129409533418e-20
cg22940372,2.700299543315069e-23,-0.44018452341870096,2.3007097624103645e-22
cg17514199,4.534421277327478e-25,-0.418631477559861,4.692986929356721e-24
cg19596804,2.5328366686251656e-27,-0.4137187922558525,3.391186872992583e-26
cg27043880,8.125178250146617e-6,-0.41880652229371723,1.2894803111944818e-5
cg16258888,2.3156067648844873e-6,-0.6023917650385677,3.99022330169574e-6
cg01176047,2.321260117652409e-27,-0.5654953739166728,3.132772654783691e-26
cg27293357,5.06379573124626e-10,-0.4728296529240912,1.324437736218983e-9
cg06082598,3.2484356456272644e-6,-0.48048838366562163,5.47463629787532e-6
cg24546683,1.698216282183839e-6,-0.30150360455242886,2.981155950097957e-6
cg00340127,3.0565222527835737e-18,-0.5857139879277442,1.6013518759148723e-17
cg18190310,6.769711352269821e-9,-0.554759454457193,1.5752418001764398e-8
cg03002586,4.98767547218762e-41,-0.596342613053479,6.533252412964065e-39
cg11822088,1.4483046605089645e-14,-0.3794012502588162,5.5655807796779564e-14
cg23270529,6.654275897865611e-6,-0.6516520196439707,1.0691203275904083e-5
cg21526778,8.944104949087011e-39,-0.5977874972516112,6.858502295049904e-37
cg04221461,8.244271250117708e-11,-0.37769344127984467,2.3414285520115443e-10
cg17133045,1.4093602358961438e-19,-0.3916437619986377,8.059629552395914e-19
cg09324544,4.3215508923592994e-27,-0.3950669199257098,5.695669027664171e-26
cg18857402,3.9027673089822916e-33,-0.5346151421076679,1.045074357183036e-31
cg23484899,1.0170553979159455e-9,-0.39628413397177803,2.5646822963889387e-9
cg17094624,8.380620706384078e-17,-0.6533719574163872,3.750161042883273e-16
cg26109154,3.3558081010579856e-5,-0.471541938854935,4.797668022444764e-5
cg21400442,6.964007207476149e-29,-0.5659442064642621,1.1296423229819483e-27
cg22729008,7.443648924626242e-18,-0.3784179352736944,3.7823601613989367e-17
cg13545909,9.19381780258348e-9,-0.5306489623405466,2.1102000861167796e-8
cg01822600,1.4479641777251334e-20,-0.38314554500643627,9.323341861917175e-20
cg12274113,2.3598404949195388e-21,-0.3359993727262247,1.631578243823468e-20
cg18199753,1.118475553691464e-18,-0.39268183981226923,6.028333096094248e-18
cg22229828,3.9266487166824245e-10,-0.3143423967289414,1.0399146601323783e-9
cg15831875,2.0064587600776243e-6,-0.4489274254712991,3.4859896274469127e-6
cg25025181,1.5943575239886914e-9,-0.4777576432910939,3.967081331812569e-9
cg23807924,4.657756483402527e-5,-0.38933654541872353,6.526275072674471e-5
cg07139495,1.5797628204263567e-13,-0.42597749927433026,5.517722314822492e-13
cg08944484,2.258665568260079e-6,-0.3365852454904179,3.900070433628202e-6
cg13432253,6.118497179834119e-11,-0.376868863445702,1.7573771062227163e-10
cg16276225,2.063438339036732e-28,-0.4647604820633643,3.136054484644115e-27
cg18793688,1.3863134228742294e-21,-0.397042977975939,9.744628101620104e-21
cg09511177,3.0297067755659217e-4,-0.4392359313394941,3.8779327241120714e-4
cg12550241,2.613215214676011e-9,-0.5510223146395371,6.361463300372915e-9
cg16703466,1.29071871043188e-10,-0.5089339010050123,3.587219875615456e-10
